Name,Street,City,State,Zip
Becky's Family,1234 American Dream Way,Orange,CA,90001
Becky's Family,1234 American Dream Way,Orange,CA,90001
Becky's Family,1234 American Dream Way,Orange,CA,90001
Becky's Family,1234 American Dream Way,Orange,CA,90001
Becky's Family,1234 American Dream Way,Orange,CA,90001
Becky's Family,1234 American Dream Way,Orange,CA,90001
Becky's Family,1234 American Dream Way,Orange,CA,90001
Becky's Family,1234 American Dream Way,Orange,CA,90001
Becky's Family,1234 American Dream Way,Orange,CA,90001
Becky's Family,1234 American Dream Way,Orange,CA,90001
